id,x,y,z
1,2.344717950642135,3.1489428914393742,0.889111
2,2.623336988830829,3.4015017076903606,1.05352
3,2.332137502285235,3.391791016227722,1.08438
4,9.524192889538455,3.2466257784001766,0.829465
5,9.517422688414669,2.9634595902029535,0.896052
6,9.781864723354573,3.2704831587782106,0.973261
7,9.804701521175147,2.977656803007332,0.971942
8,15.432860658387057,3.2160588255651263,0.972742
9,15.627377630973733,2.9976238439336322,0.960525
10,15.620809525405868,3.3698939627422497,1.13348
11,15.804312290194133,3.1418796517594734,1.14883
12,21.26634888042812,3.3716218797454873,1.06659
13,21.24755399372623,3.0788157335302024,1.11534
14,21.50684259198983,3.3573741430521253,1.25421
15,21.330110028325365,3.1575521621221716,1.39352
16,27.625992882343915,3.195869479527299,1.4438
17,27.562130686668702,2.9155831530021383,1.49375
18,27.90357112841955,3.1589163071247275,1.54793
19,27.841729888303682,2.882409167495537,1.60375
20,33.89762426965035,3.2534768177463462,1.57577
21,33.8013257372477,2.9730894434432185,1.60048
22,34.14943533234438,3.1797422541637483,1.70939
23,34.10254916336765,2.9036190960908326,1.63369
24,39.66280419378566,3.161604178018653,1.772
25,39.7204014272269,2.874871003259191,1.77638
26,39.9406855831952,3.2220206444651858,1.84205
27,40.01121693221624,2.939309171268815,1.81748
28,45.70081311843215,3.3482495287016953,1.85006
29,45.62815976607381,3.065032816615489,1.88217
30,45.982837466738346,3.2852462391392043,1.91237
31,45.91341764327494,3.0032825194997903,1.9213
32,51.09191416853322,3.0702670915141854,1.98265
33,51.256824142175546,2.8284294445055087,1.95969
34,51.337864460105166,3.2253552211381002,1.92765
35,51.50570481930852,2.9917529680337434,2.01646
36,54.996501356960195,3.125378549617445,2.05377
37,55.12614565609199,2.8672418960226747,2.11329
38,55.22891124628454,3.2625812225411823,2.16334
39,55.366942510987606,3.0100628254013833,2.20167
40,63.717530882189294,3.208823804662682,2.20228
41,63.72005707663848,2.9208477422342245,2.23936
42,63.99177455159202,3.231751545483418,2.29441
43,64.01188305940748,2.940824887938321,2.3121
44,69.86436826370637,3.2588121404230095,2.26145
45,69.70319705784884,3.041731199016274,2.38029
46,70.06737324964229,3.227436805364223,2.47347
47,69.89832031710333,3.0293225318819132,2.59826
48,75.86337274605756,3.2192721449044805,2.64089
49,75.77859366034316,2.953071878627935,2.73612
50,76.12195400987538,3.187583561733996,2.79529
51,76.06375048976633,2.9053773274274604,2.81356
52,81.45464944431147,3.258125015532833,2.73465
53,81.5227556466613,2.97646443922732,2.68726
54,81.73020673482777,3.313903388970676,2.8186
55,81.79447312161484,3.032232707887366,2.79989
56,87.50549143675978,3.367024205847984,2.98731
57,87.55126608017888,3.0799777829768242,3.00737
59,87.84288996739195,3.132431684519549,3.05556
60,93.75266926179819,3.1512265712214313,2.99465
61,93.85321180087546,2.8822879101619767,3.06118
62,93.91707399655067,3.258407949311141,3.21088
63,94.07410224351156,3.0126597532951376,3.20895
64,99.69710794404713,3.20612582899096,3.15369
65,99.79613476645491,2.931902369143826,3.15015
66,99.91203656778318,3.2762125677889453,3.34504
67,100.01662101797913,3.008072184175431,3.33241
68,105.12135266532142,3.319127559091575,3.21156
69,105.13044696533846,3.033596852889922,3.27831
70,105.37094067690018,3.3624770558394643,3.35012
71,105.41135978808701,3.0734298869645555,3.37565
72,108.93287485024068,3.3786649098697947,3.40955
73,108.94702153915608,3.0850604862085698,3.40319
74,109.22490292856563,3.3912352534489028,3.45891
75,109.23500770636232,3.1021173511294173,3.46504
76,117.57549129976732,3.3102454594082666,3.4755
77,117.60984754427614,3.019147020640626,3.47969
78,117.86852985587193,3.3442379319164015,3.46098
79,117.90692801149942,3.0587375400481385,3.48689
80,123.77275152248997,3.377957575424025,3.57863
81,123.74647910021852,3.0871117561013017,3.57861
82,124.06680055637425,3.353605060933952,3.55601
83,124.04659100078084,3.0644568442810765,3.54898
84,129.56278920000517,3.3656802704010214,3.74284
85,129.6426169445992,3.094528663004087,3.82562
86,129.8447125005334,3.409494586927559,3.65251
87,129.89220495617795,3.126732589842204,3.66948
88,135.8136047450504,3.3770380406445244,3.80429
89,135.82269904506745,3.087980766991819,3.84044
90,136.09754900113796,3.386677998662586,3.74933
91,136.12685285674843,3.1073718355837068,3.81978
92,141.72085784500746,3.330252919445754,3.89476
93,141.7784550784487,3.0453790238008867,3.8962
94,141.99873923441697,3.390952319670595,3.84671
95,142.07856697901101,3.111514794480358,3.90472
96,147.7584625785421,3.6734616973110317,3.93996
97,147.77058831189814,3.3876177429976804,3.87266
98,148.050490656867,3.698066831246022,3.8904
99,148.07171069024014,3.4164971979406795,3.90248
100,151.9802387420078,3.230134781035945,4.198
101,152.14393614231454,3.2081265749947088,3.96099
103,152.34502122046905,3.394165639009949,4.0713
105,2.4420774847134368,2.1050385068167885,0.780271
106,2.772907909777743,2.3616796532976463,0.810643
107,2.5606166330466635,2.2745158400232204,0.985346
108,6.863584686108936,2.3605176038510245,0.977835
109,6.90187168918068,2.076300518762944,0.876965
110,7.1520154635382625,2.310286753423576,1.08484
111,7.0508262186819906,2.0287070153404363,1.11962
112,12.593317049733386,2.1581492189163,1.01028
113,12.687897769910606,1.92771986604011,1.16828
114,12.872107869144628,2.26219811588903,1.0104
115,12.960221531531957,2.047148234819433,1.1759
116,18.4205403095405,2.336397499250276,1.04
117,18.52593314196018,2.055019856723071,1.0653
118,18.686295965593985,2.4219849671884157,1.16014
119,18.698219603394108,2.1520257235714935,1.2686
120,24.79079432814283,2.3072654248623596,1.49307
121,24.813631125963397,2.0338705567945556,1.38568
122,25.08696536536442,2.286873983268597,1.55899
123,25.054529028636978,1.9940072083865321,1.54703
124,30.930154174090326,2.3535655167268876,1.4993
125,30.869828650643974,2.066114902743859,1.51296
126,31.216422529071146,2.288632214605225,1.56232
127,31.11325274776673,2.030849228233339,1.66196
128,36.853979109634,2.1940413896502164,1.81057
129,36.98129930987255,1.9341060856076313,1.72713
130,37.13468983682662,2.3072957391957494,1.80653
131,37.242002577027684,2.039094726915455,1.78958
132,42.7110114639414,2.226386783377487,1.93484
133,42.790232921867606,1.9453324937397767,1.95202
134,43.003443733378205,2.2963926839530986,1.93137
135,43.07205517461787,2.0125999995324797,1.93784
136,51.1472883508592,2.1268547220798872,2.22888
137,51.2010457687377,1.9064998326670177,2.03483
138,51.45487778699106,2.1777322782863253,2.20814
139,51.41819744358901,2.078068854877368,1.9367
140,55.1190723116343,2.2951396915063067,2.04098
141,55.13766510278024,1.9983926819503044,2.04829
142,55.4188810688627,2.307376577418123,2.07699
143,55.39927779993708,2.0331025936820053,2.17065
144,60.67356761870818,2.299242231291771,2.08328
145,60.69650546430671,2.0169955778740487,2.17659
146,60.9770140959434,2.3151269419882,2.12531
147,60.93629184142266,2.1054224883730637,2.32655
148,66.75917004677719,2.1619991392568463,2.41257
149,66.9028599870464,1.9069848620012597,2.33174
150,67.03179695173243,2.240745672626613,2.52947
151,67.07676321292779,1.951789446751875,2.55632
152,72.59255722104028,2.38249549555887,2.47454
153,72.46998626636618,2.161301909588874,2.62435
154,72.85689820820222,2.3363570801390896,2.61032
155,72.7580734813504,2.0811204977719746,2.69779
156,78.9508876018425,2.3331841799109223,2.61182
157,78.99807691415313,2.0349921871299905,2.61821
158,79.1189300566018,2.3259491590084775,2.86411
159,78.97241077854949,2.065316625297919,2.90702
160,84.50315985780111,2.3369128429179087,3.04414
161,84.58470541462057,2.0499371534913253,3.00138
162,84.80034137280236,2.3945808098037364,3.00304
163,84.79781517835319,2.1515305894594543,2.83642
164,90.70749342498145,2.435727464991942,3.16514
165,90.72012439722734,2.142668699331739,3.12488
166,91.0062917044302,2.429442293202388,3.22993
167,90.97628051437397,2.1438913774451414,3.26932
168,96.70498219066315,2.295655035173939,3.11499
169,96.69861618065121,1.996311097724182,3.15207
170,96.98387405785236,2.275031183690852,3.24556
171,96.85332032871887,2.0492803429345394,3.392
172,105.11933170976206,2.392105139243542,3.31007
173,105.03040966515103,2.119215510065574,3.37554
174,105.35982542132379,2.3527773440587443,3.47216
175,105.30121771010288,2.0719251499769675,3.4898
176,108.94904249471543,2.3725422894291106,3.49438
177,109.0127025948347,2.0894670442320575,3.45986
178,109.24511248415905,2.430361827981889,3.50035
179,109.3027097176003,2.1464377814499125,3.50789
180,114.6845143721284,2.417336769401929,3.45413
181,114.66228386097563,2.127865199859558,3.4187
182,114.9846262726907,2.395732754472561,3.46886
183,114.9634062393176,2.1110508496058316,3.43522
184,120.85651265035928,2.4360609226592334,3.56909
185,120.83428213920651,2.1458314947821093,3.58303
186,121.15864550648092,2.4077473352728505,3.57503
187,121.1212578286331,2.1165579535050387,3.57764
188,126.75062953918061,2.508683960684193,3.80411
189,126.71324186133278,2.215453413801446,3.80517
190,127.0264899730308,2.4594332737030253,3.68534
191,126.91937932838567,2.194819457540563,3.60962
192,132.7761085393592,2.447115549568835,3.8721
193,132.57603393898432,2.2271143273788505,3.87449
194,132.99740317310716,2.2533463305391113,3.82343
195,132.78015045047786,2.0504929162701444,3.77785
196,138.85615333964,2.5281760770540482,3.89467
197,138.7783465506053,2.2455757564134404,3.89645
198,139.1481814179649,2.45361292169212,3.9008
199,139.06229080669286,2.1810870645148333,3.96005
200,144.75936452847833,2.5838938218251104,3.9636
201,144.74925975068163,2.2945536143940974,3.91703
202,145.06250786237968,2.55999602233589,3.96611
203,145.02512018453183,2.274404687467456,4.01675
204,152.08633890887324,2.5723945846924536,4.22211
205,152.14090470897548,2.2819428517038025,4.19569
206,152.28641350924812,2.6174517888879865,4.01541
207,152.4197965761647,2.3639835426352964,4.11291
209,2.614131536258043,1.1131130991804827,0.806934
210,2.8689841370688782,1.4112646728502278,0.93656
211,2.9016528836856423,1.1198226716374986,0.907065
212,9.764585553322192,1.3794043084571992,0.908107
213,9.835217950121205,1.1006842224905287,0.922657
214,10.016901854906067,1.4521081847045323,1.03258
215,10.144626246256493,1.191415022327194,0.952422
216,15.664462165487656,1.2531350051095027,0.977211
217,15.663047496596121,1.0153190596639172,1.13845
218,15.947496991573523,1.3073875571000422,1.06017
219,15.96760549938898,1.0260806480174138,1.14459
220,21.566460780990425,1.478562492976321,1.33715
221,21.591924821038134,1.1899195152132809,1.28952
222,21.86101505376454,1.483382471985352,1.39059
223,21.847575699294914,1.1927589577741564,1.44389
224,27.674293720212184,1.2142417153699634,1.54819
225,27.882148999490532,1.0136618761052565,1.47747
226,27.775442545957254,1.2097956131394105,1.82098
227,28.020887598639362,1.0841123869039233,1.71675
228,34.0600080488435,1.2689186680279647,1.74762
229,34.053439943275635,0.997680159541979,1.64972
230,34.3438512571531,1.3046592670949304,1.66355
231,34.36244404829904,1.0078496079165886,1.65687
232,39.935835289852776,1.246142498874179,1.83951
233,40.0171787511163,0.9739632355753194,1.87501
234,40.21614182593353,1.3322149961465604,1.82378
235,40.308398447217506,1.0556775421839795,1.86776
236,45.82479874199778,1.4539573590413304,1.98685
237,45.92433080329539,1.189727524435143,1.93076
238,46.096112025839474,1.5628767589120747,1.98391
239,46.21575259495253,1.2983033618607993,1.93379
240,51.491861273727025,1.2297121301767273,2.08457
241,51.50226919485765,0.9436256611962549,2.1115
242,51.786819737613015,1.250608810660325,2.10955
243,51.802785286531815,0.9636048278559113,2.15095
244,55.31439766644471,1.275547402262607,2.12695
245,55.334708269816105,0.9917506759308692,2.1353
246,55.611983372557845,1.2905024734017387,2.10259
247,55.63461807482247,1.0102868803211553,2.17597
248,63.88759429250794,1.2136152191465672,2.38129
249,64.0001615171633,0.9445765207869253,2.40188
250,64.1540572830072,1.3047603148728975,2.29658
251,64.27986176657625,1.0583350987445144,2.4091
252,69.47088821630246,1.3004152604203119,2.67349
253,69.49897949857731,1.078817483338447,2.49375
254,69.77281897686817,1.3432696230561618,2.67271
255,69.80333540581424,1.1128705845133617,2.50949
256,76.08335375869194,1.2089164974710969,2.74014
257,76.05576771530693,0.9182303336375617,2.76947
258,76.3219275624723,1.2003981697884698,2.91127
259,76.35719323698281,0.9187850859386011,2.8239
260,81.64098154688281,1.300688089420823,2.84282
261,81.68039018028998,1.025524885238595,2.74918
262,81.93290857742979,1.3184421840096436,2.90426
263,81.96494072304536,1.035680186924289,2.84772
264,87.63867240812043,1.45386641604116,3.09456
265,87.57501230800115,1.17290306940362,3.13445
266,87.92524390643514,1.401240733275891,3.14434
267,87.87320430078209,1.1158514939633914,3.16182
268,93.65909901940064,1.268029447581854,3.22427
269,93.68486620278225,0.9763651412575974,3.25232
270,93.95931196774092,1.291300750847679,3.23913
271,93.9710335099851,1.0194519137827718,3.34405
272,99.62425249613285,1.2702929178083173,3.34027
273,99.68073820401646,0.9950034039036303,3.26619
274,99.89900140442542,1.337045079933388,3.26457
275,99.97943543568724,1.055101569849567,3.27603
276,105.1607612987286,1.4043327952816842,3.42535
277,105.19814897657642,1.1290786480992856,3.33654
278,105.45885224373157,1.414508306522972,3.47238
279,105.46996749930794,1.1251984134253488,3.46113
280,109.17741047292108,1.3743519195588438,3.30433
281,109.09859320610673,1.1844831447586504,3.5055
282,109.4320508733982,1.4168930340829957,3.45237
283,109.39264223999103,1.1536635724786828,3.57413
284,117.78061828904055,1.2493255038801427,3.42788
285,117.74120965563337,1.1159626465191552,3.67923
286,117.95239951158462,1.4464798234717646,3.5662
287,118.03626916729732,1.2114831110314612,3.73224
288,123.80104490032076,1.4423873884640968,3.71065
289,123.69090282233661,1.1689318917295128,3.65418
290,124.06882151193358,1.354930536633566,3.61801
291,123.98090994510221,1.079231779228112,3.64819
292,129.66989984465033,1.3388740447145928,4.04346
293,129.64059598903987,1.190990621659732,3.794
294,129.96900126743293,1.370956714219149,3.96592
295,129.9467707562802,1.117468258410865,3.82553
296,135.8863591451867,1.4229660055388187,3.8802
297,135.9399144675093,1.1752877969636437,4.01578
298,136.16525101237593,1.5118274214830925,3.91848
299,136.2339635013936,1.2414841963098953,4.00444
300,141.82493705631356,1.409900527847672,4.07699
301,141.9532677343318,1.1666886310586428,4.03022
302,141.82796848965262,1.3534552390752461,4.36641
303,142.11797561241818,1.2177884923766087,4.28011
304,147.78372452303384,1.5748610253789734,3.95105
305,147.6675195783717,1.524165355172876,4.21164
306,148.03230205683292,1.666278950105815,4.07219
307,147.91912854550978,1.6374197047184094,4.33221
308,151.98529113090615,1.618261046015846,4.22814
309,152.07623413107655,1.3374492710452563,4.21107
311,152.35714695382512,1.4371834278987907,4.18922
312,2.7516474572934726,-0.5763218787738279,0.813746
314,2.899187317903241,-0.4938901329416011,1.05021
315,3.139873020243101,-0.6361441842859143,0.956099
316,7.0483707576773895,-0.7345303637813674,0.991565
317,7.220303551888421,-0.9477735105809117,0.919664
318,7.25721630517981,-0.6191509794651859,1.15546
319,7.450247875430378,-0.815751557233548,1.05418
320,13.054094917263399,-0.5927926665824662,1.10415
321,12.8798885480481,-0.8308288961840201,1.15201
322,13.255988377641671,-0.7148513090222733,1.26746
323,13.134225805191306,-0.9782252689490791,1.20634
324,18.982467002815575,-0.6473392676068901,1.20908
325,18.999544077292015,-0.8572821939780289,1.41069
326,19.180318552075164,-0.4906222478021449,1.35948
327,19.271968886691333,-0.7410540083269238,1.476
328,24.94913619621729,-0.49726310777014326,1.53553
329,24.877998560528447,-0.7728992155532575,1.47049
330,25.23570769453201,-0.5729640611119808,1.55905
331,25.16871301773981,-0.8156191846444111,1.41981
332,30.984517878636638,-0.6119907339184368,1.7093
333,31.177721230109746,-0.799571787025455,1.843
334,31.23663208466457,-0.4466523176975381,1.65662
335,31.402956727198422,-0.6869489860922162,1.68869
336,37.146916617960635,-0.593352471272404,1.81198
337,37.18198019691522,-0.8628155702995075,1.92634
338,37.448038996302614,-0.5925147851930567,1.76556
339,37.426515819595615,-0.8896659858609273,1.76591
340,43.151175584766115,-0.5805830635707007,2.10095
341,43.261418710528226,-0.8514891248671745,2.07426
342,43.431077929735,-0.4756267575518264,2.06201
343,43.49413174318647,-0.7307198520742278,1.93411
344,51.54976165050219,-0.7683065940446525,2.12037
345,51.70870980524444,-0.9296778745025622,2.28835
346,51.792882604291044,-0.6234647091066018,2.02531
347,51.949304564584125,-0.7706084624267432,2.2247
348,55.486380984544724,-0.576828128141443,2.22044
349,55.552870422447086,-0.8449412288549061,2.28004
350,55.732129180560726,-0.5476344146089662,2.05762
351,55.82266798961926,-0.8123472575938363,2.16358
352,61.28551296207698,-0.5570328684376868,2.24363
353,61.25024728756646,-0.7980651646559654,2.39998
354,61.56794150149504,-0.5399537730056864,2.33262
355,61.548237184791454,-0.8192548836956676,2.42383
356,67.18296442757122,-0.6291092379838443,2.60065
357,67.1857937653543,-0.9201773624180951,2.62501
358,67.47468936256227,-0.6263566965120203,2.58272
359,67.47873127368095,-0.9047898067892639,2.65837
360,73.30504510348635,-0.5114795196523355,2.75641
361,73.13932674762029,-0.752582549315191,2.66278
362,73.55049015616845,-0.658423198372102,2.6888
363,73.39063257142449,-0.906251968136448,2.71097
364,79.19875780119581,-0.4512479706394823,2.81715
365,79.17177804447859,-0.7350861265601866,2.85401
366,79.47259727948668,-0.47167578943331245,2.9366
367,79.38428152154341,-0.7219135382243944,3.05892
368,84.63452196915836,-0.5169765187737461,3.14251
369,84.62957062803795,-0.8063278414603358,3.17197
370,84.93251186638335,-0.5274299114044433,3.11456
371,84.92493328303581,-0.8069482748170538,3.20002
372,90.69769179051865,-0.5053044899407656,3.36432
373,90.78338030623476,-0.7574581046021038,3.23472
374,90.97628051437397,-0.4124850325335203,3.28649
375,90.92525138650058,-0.5740856914474158,3.04058
376,96.80764673307772,-0.6261485380894082,3.38108
377,96.86918482985969,-0.9096502049094819,3.4089
378,97.09482451806024,-0.561496148790494,3.42135
379,97.15818147484562,-0.8468843776252135,3.42621
380,105.08396498747359,-0.5973236489465112,3.51925
381,105.09103833193129,-0.8575206667340314,3.65131
382,105.3739721102392,-0.569993256439748,3.56796
383,105.38912927693426,-0.8534494517597364,3.63957
384,109.48156428460207,-0.6038291048920337,3.5232
385,109.22490292856563,-0.7190185193856369,3.64103
386,109.48863762905978,-0.42800293979592896,3.75864
387,109.35626503992287,-0.648774146054023,3.89881
388,114.747163994468,-0.5665849148889174,3.57756
389,114.85730607245213,-0.812615034205449,3.70078
390,115.0341396838946,-0.48245354543128405,3.54091
391,115.11295695070892,-0.6655986010855462,3.74401
392,120.6564380499844,-0.4878545491636259,3.7254
393,120.7261610167817,-0.7104304687362124,3.90179
394,120.95958138388572,-0.4701348108193141,3.66391
395,121.00707383953028,-0.6019253647551334,3.91319
396,126.98000799516592,-0.40609173962154155,4.03772
397,126.75467145029928,-0.5428588966222408,3.88163
398,127.10025485094678,-0.3534953607118829,3.77361
399,127.00122802853903,-0.6252845795877894,3.70843
400,132.58613871678102,-0.5070869727441054,3.99707
401,132.58815967234037,-0.7817954619254815,3.90715
402,132.85593628395318,-0.5413563161638699,4.08354
403,132.884229661784,-0.7955025930067197,3.94599
404,138.94507538425103,-0.44641586589709514,4.1327
405,139.0471336399978,-0.7110994050263547,4.22244
406,139.23407202923696,-0.3630090090074859,4.11763
407,139.30278451825458,-0.5797807442136419,4.29432
408,145.2504567293985,-0.34058145468768664,4.08488
409,144.99076394002304,-0.4761188602305262,4.1853
410,145.3302844739925,-0.3342629371314034,4.36309
411,145.19993284041493,-0.6053933244949644,4.37482
412,151.85898140844728,-0.29887903672066174,4.41394
413,152.07724460885623,-0.49285237226187895,4.42636
416,2.8215219957577347,-1.5239711815382866,0.836125
417,2.8590814548281003,-1.8168581659759453,0.842893
418,3.1130246256372374,-1.488230582471321,0.87532
419,3.1435006354721224,-1.777570789902334,0.916444
421,10.053076959418306,-1.5605504771623793,1.05605
422,10.07621690057276,-1.8465156888092908,1.06516
423,10.348338566638176,-1.5360059718941692,1.07091
424,10.379158138918143,-1.824760102212973,1.10344
425,15.967807594944915,-1.5931181760011777,1.22311
426,16.09522884296144,-1.8490115689250783,1.14428
427,16.24296069434935,-1.5079652135082968,1.32089
428,16.332084834516337,-1.7821785685776343,1.30526
429,22.089888270860037,-1.4863915129123195,1.39171
430,22.155569326538654,-1.7703761881110762,1.4114
431,22.38262368363074,-1.4287033364708985,1.43968
432,22.440220917071997,-1.714122890116788,1.43891
433,28.120722803270866,-1.577981218861705,1.6674
434,28.199843213419108,-1.8542458438237748,1.70914
435,28.41487288493311,-1.5112189519588377,1.6309
436,28.477017268382887,-1.7980935936074536,1.62383
437,34.21683420024845,-1.5348641320031406,1.89271
438,34.13346978342558,-1.8162114601969557,1.89795
439,34.439442455109976,-1.6217854306104458,1.7107
440,34.25119044475726,-1.8428274449134918,1.6306
441,40.3397232583873,-1.6394182678657059,2.00936
442,40.31708855612268,-1.9286271131853618,2.02063
443,40.63134714560038,-1.6610222827950734,1.95783
444,40.59052384330166,-1.9491398121126846,1.90673
445,46.352470238542026,-1.4609982063091858,2.18082
446,46.17139262042497,-1.6936607150784488,2.17231
447,46.521523171080986,-1.6094980208096457,1.97257
448,46.233233860540835,-1.7007542690917397,1.88703
449,51.679405949633974,-1.6504627899975108,2.2447
450,51.75448444866354,-1.9308400595228414,2.25039
451,51.97557698685557,-1.584801943874485,2.25747
452,52.02862707028831,-1.859752947722982,2.34486
453,55.62471539258169,-1.5824677402034446,2.34046
454,55.659778971536284,-1.8605007012799388,2.40758
455,55.92593881870164,-1.5409573130145573,2.3521
456,55.95655629542567,-1.822142964763625,2.43134
457,64.27349575656433,-1.6400144497557119,2.61356
458,64.07038972285044,-1.7700932543327683,2.6251
459,64.42122760795223,-1.5448880715774775,2.5709
460,64.36120522783976,-1.8297518624445481,2.59015
461,70.01371687954175,-1.6510387623319234,2.67952
462,70.24097333218977,-1.8279330024411402,2.58905
463,70.2227847321557,-1.493222342702896,2.81942
464,70.44064374145277,-1.6708239172578827,2.72644
465,76.16823389218432,-1.585772002542969,2.9067
466,76.15853330549947,-1.8780324907572312,2.92515
467,76.46167663940079,-1.5946136831150908,2.94373
468,76.44641842492776,-1.8807708855401402,2.98969
469,81.32086218628302,-1.1462950066084285,3.30374
470,81.50315237773569,-1.3750671759259583,3.29617
471,81.50365761662552,-1.0021351941716559,3.50331
472,81.7224260559243,-1.1852388202369515,3.35271
473,87.89422223859924,-1.4604727578637569,3.3206
474,87.73800237386209,-1.7101112933314937,3.31945
475,88.14370920240002,-1.6054965288021483,3.27169
476,87.99122810544766,-1.8554584171593798,3.25643
477,93.6576843505091,-1.646713917434931,3.37616
478,93.71225015061134,-1.8965545484586024,3.51169
479,93.94314432326618,-1.5696245676238254,3.40347
480,94.00811804449903,-1.8477080525893028,3.47683
481,99.72146045853721,-1.594886512115602,3.49563
482,99.82240718872634,-1.8636129728413253,3.52677
483,99.99277374237889,-1.4952432982622381,3.43948
484,100.10635144481391,-1.7635958822094833,3.49824
485,105.25675668779735,-1.5070052596176093,3.56176
486,105.20825375437313,-1.751945073409876,3.71515
487,105.5376695105459,-1.5044487508350417,3.65635
488,105.51038661049478,-1.7898784092587279,3.72048
489,109.12991801727654,-1.4473668610614232,3.65134
490,109.07131030605561,-1.7194885271268412,3.73777
491,109.42598800672016,-1.499335733269906,3.6752
492,109.36940125105858,-1.7788035727935327,3.72826
493,117.76647160012516,-1.4727702724423537,3.77236
494,117.86145651141422,-1.7272287869191216,3.79233
495,118.18986178980732,-1.4692032858801147,3.78463
496,118.16561032309522,-1.7608069635375911,3.78951
497,123.78790868918503,-1.3967520290776991,3.87684
498,123.75355244467622,-1.6855465785076902,3.90176
499,124.06781103415392,-1.4306131394744768,3.80087
500,124.04457004522149,-1.7190944407927695,3.84798
501,129.77701048929544,-1.4025824858664013,3.97508
502,129.77701048929544,-1.6904271861835014,3.99887
503,130.08015382319678,-1.405634128761008,3.97333
504,130.06600713428136,-1.6916195499635134,3.90565
505,136.06016132329015,-1.3575353864486652,4.19869
506,136.07936040110388,-1.6457842778776337,4.2225
507,136.35016844605573,-1.3404886263056142,4.15621
508,136.38149325722554,-1.6230182135016447,4.22934
509,142.01086496777305,-1.3757441960383379,4.25037
510,141.91992196760265,-1.63117276918359,4.35944
511,142.29076731274193,-1.4448002475010586,4.3147
512,142.20285574591054,-1.713557022560172,4.39097
513,147.67560340060902,-1.224132109976491,4.34632
514,147.5755661004216,-1.4959304231524146,4.40796
515,147.9332752344252,-1.295512260332455,4.46646
516,147.85344748983118,-1.5859740980989034,4.44348
517,151.87818048626104,-1.3160956927043546,4.35863
518,152.02368928653368,-1.462352246533945,4.56495
521,2.513265644291266,-2.562600872150989,0.846027
522,2.521369676084234,-2.819929143522023,0.989897
523,2.815641015080047,-2.55285986635496,0.879783
524,2.7793446532342614,-2.7222563613390176,1.11548
525,7.194223120395122,-2.4950100134687916,1.01219
527,7.487888172723132,-2.442091292147418,1.03988
528,7.547870133724402,-2.724014592675645,1.0171
529,13.1640348996916,-2.564328789154227,1.25667
530,13.17191662637304,-2.853588158362866,1.26307
531,13.464753086921718,-2.5594279719228217,1.23899
532,13.471119096933649,-2.851819822248442,1.27553
533,19.111808158613478,-2.424589817003515,1.41339
534,19.15909851870208,-2.70670510830988,1.36252
535,19.411111676952046,-2.3915775079416615,1.45027
536,19.446074208128657,-2.6802508000380914,1.43885
537,25.135670394344572,-2.4626646197415205,1.6547
538,25.17528112330767,-2.750721520392352,1.68459
539,25.436994868242472,-2.435796015580067,1.61938
540,25.45215203493754,-2.7263993202356693,1.58923
541,31.216018337959277,-2.4330172016859715,1.85633
542,31.156198053402754,-2.709766855982283,1.78697
543,31.504913935167238,-2.476063555099959,1.79965
544,31.44509365061071,-2.749286641945219,1.71678
545,37.13580136238426,-2.531185117981016,1.93679
546,37.2075452847409,-2.8092584981686963,2.00576
547,37.43490278516689,-2.4892401853468695,1.88597
548,37.453697671868774,-2.7809853298935003,1.84397
549,43.2544464138485,-2.539016320773466,2.07336
551,43.54364515439036,-2.4607548167379423,2.03767
552,43.63226405566751,-2.737625728367815,2.0262
553,51.77024790202641,-2.6172374056978036,2.29067
554,51.68173004852723,-2.726429634569059,2.30247
555,52.06257912368525,-2.5518898076864756,2.32189
556,51.95476114459434,-2.816291423515207,2.37074
557,55.78477507288159,-2.5726854403921067,2.40354
558,55.79679975845967,-2.850829554024364,2.47124
559,56.08448278233203,-2.5543856878022635,2.43002
560,56.09478965568468,-2.8455548600144813,2.46335
561,61.25024728756646,-2.4864815810083676,2.52727
562,61.280460573178615,-2.774114080991737,2.57365
563,61.552380143688104,-2.463776145299159,2.53552
564,61.571680269279824,-2.754035887509673,2.55699
565,67.40102553242424,-2.5309830224250818,2.76837
566,67.4336639647076,-2.82310204375019,2.76023
567,67.69254837185935,-2.5036091793737922,2.72208
568,67.72811718970377,-2.7907364404673256,2.76989
569,73.15387762764755,-2.5557094136936325,2.9041
570,73.2099591444193,-2.7709815998747565,2.71613
571,73.46540792712014,-2.5156843888408615,2.91496
572,73.49137720605769,-2.785876042347108,2.81096
573,79.27545306467285,-2.388061045268406,3.15614
574,79.30657578028672,-2.668994077572556,3.2259
575,79.57748487301653,-2.362101871108656,3.17765
576,79.58900431970478,-2.6541501589891876,3.14119
577,84.83449552175524,-2.4871181820095605,3.29309
578,84.88986970408122,-2.770435941873734,3.31143
579,85.12106702006997,-2.429409796012546,3.25825
580,85.18230197351802,-2.71509207388115,3.28095
581,90.71193952721201,-2.437928123695173,3.44881
582,90.84158382634381,-2.697661332181824,3.51044
583,90.99366073218431,-2.3277153122664496,3.42174
584,91.08662468791404,-2.6036767938946177,3.37333
585,96.92849987552638,-2.520777196850404,3.48102
586,96.9877138734151,-2.8061260170517164,3.52188
587,97.22487300830392,-2.4685253908636127,3.47203
588,97.27044555616706,-2.7573603594047906,3.47662
589,105.14055174313516,-2.403642612630934,3.71704
590,105.1395412653555,-2.458531765622666,3.66171
591,105.53160664386787,-2.544725520228608,3.74678
592,105.27393481005176,-2.704684152750538,3.72688
593,109.06221600603857,-2.3540382584268813,3.7541
594,108.93287485024068,-2.6051621962307348,3.82398
595,109.33100309543109,-2.469182201420399,3.79429
597,114.78758310565485,-2.444597277041002,3.76299
598,114.92096617257143,-2.7086553304246452,3.79673
599,115.05940162838635,-2.3500468711971805,3.66846
600,115.18672182862491,-2.582588122632883,3.789
601,120.78274777244329,-2.373489955685549,3.86932
602,120.75546487239217,-2.66077889322383,3.87232
603,121.07376537298855,-2.3926486143881123,3.83964
604,121.04143008403908,-2.6839592534894843,3.80195
605,126.66777036124756,-2.2297090724161532,3.9895
606,126.68494848350198,-2.4454561831537225,4.18291
607,126.97394512848791,-2.23745943698623,3.971
608,126.96788226180988,-2.4983344853639093,4.10013
609,132.73164751705366,-2.3897182288270664,4.05796
610,132.75286755042674,-2.6778761772558646,4.10208
611,133.03580132873464,-2.387181929600092,4.02069
612,133.02468607315825,-2.677057690254331,3.99712
613,139.12392995125282,-2.367800965786001,4.2375
615,139.40585325178102,-2.2768074417266213,4.26845
616,139.49578577417176,-2.5521525319091904,4.29375
617,145.0857488513121,-2.203436650144705,4.39506
618,145.07059168461706,-2.488856203790595,4.4548
619,145.3767664518574,-2.205396977037267,4.472
620,145.35958832960296,-2.492504028575207,4.51687
621,152.1580828312299,-2.2890342228606415,4.59182
622,152.07219221995786,-2.5442202813387724,4.69968
623,152.43899565397845,-2.4045924617438246,4.56789
624,152.31167545373992,-2.6799173423708,4.60351
627,3.0389262900539507,-6.140338917965554,1.19653
628,54.80380324437692,-5.6946575884638335,2.79031
629,56.14086744243768,-6.022719304411843,2.13553
630,56.59598663440153,-5.843268555520058,2.34407
636,152.78356857684628,-5.475636529720131,4.58524
638,153.8455807232806,-5.428275436186947,4.63427
640,152.31773832041796,-6.072071039170978,4.71253
641,3.226602328072275,-9.143418250481185,1.24153
645,56.330534121681936,-9.098805656508707,2.16853
651,105.31334344345893,-9.115367387317516,3.44153
659,3.285108991515216,-10.268433686477966,1.21453
661,56.400156040701276,-10.124844793986709,2.06653
